{
  "dominant": {
    "a_hat": 0.9813616447590158,
    "min_angle": 0.9791161105493766,
    "mean_angle": 0.9884395011796427,
    "peak_in_seg": 0.0
  },
  "secondary": {
    "a_hat": 0.9852797438490057,
    "min_angle": 0.927137400292102,
    "mean_angle": 0.9891690540388718,
    "peak_in_seg": 0.0
  }
}