{
  "affine": {
    "0.0": {
      "sfa_cd": 1.0,
      "irmad": 1.0,
      "sam": 1.0,
      "cva": 1.0
    },
    "0.1": {
      "sfa_cd": 0.9817319023569022,
      "irmad": 1.0,
      "sam": 0.84853719486532,
      "cva": 0.8730003156565658
    },
    "0.2": {
      "sfa_cd": 0.7646409406565657,
      "irmad": 1.0,
      "sam": 0.7991090593434343,
      "cva": 0.6804319234006734
    },
    "0.4": {
      "sfa_cd": 0.5551383627946128,
      "irmad": 0.9778214436026936,
      "sam": 0.6952133312289562,
      "cva": 0.5404114057239058
    }
  },
  "nonlinear": {
    "0.0": {
      "sfa_cd": 1.0,
      "irmad": 1.0,
      "sam": 1.0,
      "cva": 1.0
    },
    "0.1": {
      "sfa_cd": 0.9999986847643099,
      "irmad": 1.0,
      "sam": 0.8565025252525253,
      "cva": 0.8633170244107744
    },
    "0.2": {
      "sfa_cd": 0.9862476325757576,
      "irmad": 0.9999981586700336,
      "sam": 0.811138994107744,
      "cva": 0.7546456755050506
    },
    "0.4": {
      "sfa_cd": 0.7791590382996633,
      "irmad": 0.9996067445286196,
      "sam": 0.7580518728956228,
      "cva": 0.6611931818181818
    }
  },
  "spatial": {
    "0.0": {
      "sfa_cd": 1.0,
      "irmad": 1.0,
      "sam": 1.0,
      "cva": 1.0
    },
    "0.1": {
      "sfa_cd": 1.0,
      "irmad": 1.0,
      "sam": 0.9448792613636363,
      "cva": 0.9692334806397307
    },
    "0.2": {
      "sfa_cd": 1.0,
      "irmad": 1.0,
      "sam": 0.8862478956228956,
      "cva": 0.9062063341750843
    },
    "0.4": {
      "sfa_cd": 0.9999460753367004,
      "irmad": 0.9989991056397306,
      "sam": 0.8014578072390572,
      "cva": 0.7811163720538721
    }
  }
}