{
  "saudi2": {
    "a_hat(D_N)": {
      "auc": 0.5527462946817785,
      "ratio": 1.1026939944705092
    },
    "harmonic_resid": {
      "auc": 0.7185179685179686,
      "ratio": 2.1086708182633167
    },
    "harmonic_cp": {
      "auc": 0.6548114048114048,
      "ratio": 2.2030982485387924
    },
    "crude_TDS": {
      "auc": 0.6196688017497266,
      "ratio": 1.4591732174411935
    },
    "NDVI_meanshift": {
      "auc": 0.8258835758835759,
      "ratio": 4.279629254297816
    }
  },
  "saudi3": {
    "a_hat(D_N)": {
      "auc": 0.6629474149359258,
      "ratio": 0.9299326140748186
    },
    "harmonic_resid": {
      "auc": 0.7279843444227005,
      "ratio": 1.5444657627984897
    },
    "harmonic_cp": {
      "auc": 0.5133222941442119,
      "ratio": 1.267629562057994
    },
    "crude_TDS": {
      "auc": 0.5872198907276903,
      "ratio": 2.0412278018133665
    },
    "NDVI_meanshift": {
      "auc": 0.7771338250790305,
      "ratio": 4.03015706270339
    }
  },
  "saudi_jawf": {
    "a_hat(D_N)": {
      "auc": 0.6292532037118869,
      "ratio": 0.9320803227510808
    },
    "harmonic_resid": {
      "auc": 0.8220683426162877,
      "ratio": 2.4259136271767283
    },
    "harmonic_cp": {
      "auc": 0.6912539515279241,
      "ratio": 1.8360768664767482
    },
    "crude_TDS": {
      "auc": 0.5882492675587933,
      "ratio": 2.2625652403016008
    },
    "NDVI_meanshift": {
      "auc": 0.7993376486527172,
      "ratio": 4.0373836937523055
    }
  }
}