{
  "0.0": {
    "sfa_cd": 1.0,
    "sam": 1.0,
    "cva": 1.0,
    "ds": 1.0,
    "rawl1": 1.0
  },
  "0.05": {
    "sfa_cd": 1.0,
    "sam": 0.9373834043560605,
    "cva": 0.9611899266098485,
    "ds": 0.7353808666079402,
    "rawl1": 0.9548322088068182
  },
  "0.1": {
    "sfa_cd": 1.0,
    "sam": 0.856502870501894,
    "cva": 0.8459153053977273,
    "ds": 0.4315756339661856,
    "rawl1": 0.8412680516098485
  },
  "0.2": {
    "sfa_cd": 1.0,
    "sam": 0.7858904474431819,
    "cva": 0.6218704131155304,
    "ds": 0.4634317935695881,
    "rawl1": 0.5959161931818182
  },
  "0.4": {
    "sfa_cd": 0.9794516453598484,
    "sam": 0.6373847360321969,
    "cva": 0.4948199277935606,
    "ds": 0.5093946089262041,
    "rawl1": 0.46294981060606055
  }
}