{
  "RTW": {
    "auc": 0.54875,
    "mean_warp": 2.275005756469303,
    "mean_shape": 2.0603038333432346
  },
  "DTW": {
    "auc": 0.97875,
    "mean_warp": 0.5599568276505857,
    "mean_shape": 1.7696748908806843
  },
  "phase_L2": {
    "auc": 0.610625,
    "mean_warp": 2.6247212579427104,
    "mean_shape": 3.1118665703437745
  },
  "raw_L2": {
    "auc": 0.5125,
    "mean_warp": 3.1129709222203013,
    "mean_shape": 3.1129709222194237
  }
}