{
  "rotate_vs_stable": {
    "sub_vel": 1.0,
    "eig_angle": 1.0,
    "cov_frob": 0.6975,
    "var_vel": 0.6047222222222222,
    "sc_d2": 0.581388888888889,
    "scn_d2": 0.5772222222222223
  },
  "scale_vs_stable": {
    "sub_vel": 0.92,
    "eig_angle": 0.9236111111111112,
    "cov_frob": 1.0,
    "var_vel": 1.0,
    "sc_d2": 0.8894444444444444,
    "scn_d2": 0.8877777777777778
  },
  "rotate_vs_scale": {
    "sub_vel": 1.0,
    "eig_angle": 1.0,
    "cov_frob": 1.0,
    "var_vel": 1.0,
    "sc_d2": 0.9099999999999999,
    "scn_d2": 0.9047222222222222
  }
}