{
  "subspace orth/along RATIO": 0.980625,
  "subspace peak ORTH": 0.9768749999999999,
  "scalar \u0394\u00b2m orth/along RATIO": 0.97125,
  "scalar \u0394\u00b2m peak ORTH": 1.0,
  "scalar ||\u0394\u00b2m|| magnitude": 1.0
}