{
  "0.0": {
    "CVA": 0.8356250000000001,
    "SAM_mean": 0.8025,
    "ORIENTATION": 0.745,
    "SPD": 0.776875,
    "cov_Frob": 0.788125,
    "corr_dist": 0.9106249999999999
  },
  "0.05": {
    "CVA": 0.5593750000000001,
    "SAM_mean": 0.72875,
    "ORIENTATION": 0.6912499999999999,
    "SPD": 0.78,
    "cov_Frob": 0.8462500000000001,
    "corr_dist": 0.91125
  },
  "0.1": {
    "CVA": 0.5843750000000001,
    "SAM_mean": 0.69625,
    "ORIENTATION": 0.5706249999999999,
    "SPD": 0.635625,
    "cov_Frob": 0.726875,
    "corr_dist": 0.979375
  },
  "0.2": {
    "CVA": 0.635,
    "SAM_mean": 0.816875,
    "ORIENTATION": 0.7050000000000001,
    "SPD": 0.751875,
    "cov_Frob": 0.6743750000000001,
    "corr_dist": 0.935
  }
}