{
  "C2_structure": {
    "sub_vel": 1.0,
    "sub_d2": 0.504,
    "sc_d2": 0.6116,
    "scn_d2": 0.6088,
    "var_vel": 0.6199999999999999
  },
  "C1_nuisance": {
    "0.0": {
      "kappa": 0.9992,
      "sc_d2": 1.0,
      "scn_d2": 1.0
    },
    "0.1": {
      "kappa": 0.5476000000000001,
      "sc_d2": 0.5608,
      "scn_d2": 0.6244000000000001
    },
    "0.3": {
      "kappa": 0.5988,
      "sc_d2": 0.5544,
      "scn_d2": 0.53
    }
  }
}