{
  "A": {
    "kernel_DS": 0.9663375000000001,
    "linear_DS": 0.5487625,
    "corr": 0.9036375000000001,
    "CVA_center": 0.985325,
    "patchmean_SAM": 0.7665437500000001
  },
  "B": {
    "kernel_DS": 0.53640625,
    "linear_DS": 0.524375,
    "corr": 0.81578125,
    "patchmean_CVA": 0.6903124999999999
  }
}