{
  "0.0": {
    "CVA": 1.0,
    "SAM_cen": 1.0,
    "MSM": 1.0,
    "GDS_cen": 1.0,
    "GDS_MSM": 1.0
  },
  "0.1": {
    "CVA": 0.8393,
    "SAM_cen": 0.961024019607843,
    "MSM": 0.7879073529411764,
    "GDS_cen": 0.7831235294117647,
    "GDS_MSM": 0.5013426470588236
  },
  "0.2": {
    "CVA": 0.5802289215686275,
    "SAM_cen": 0.8343392156862746,
    "MSM": 0.527243137254902,
    "GDS_cen": 0.6592754901960785,
    "GDS_MSM": 0.5189171568627451
  },
  "0.4": {
    "CVA": 0.5259480392156862,
    "SAM_cen": 0.5441539215686275,
    "MSM": 0.5563382352941176,
    "GDS_cen": 0.5599799019607843,
    "GDS_MSM": 0.5268127450980392
  }
}