{
  "detection": {
    "DS_wavhankel": 0.5339002222222222,
    "SAM": 0.8479183333333334,
    "CVA": 0.9808417777777778,
    "IR_MAD": 0.5623088888888889
  },
  "dim_sweep": {
    "20": {
      "DS": 0.6337167777777778,
      "SAM": 0.9264223333333333,
      "gap": -0.29270555555555555
    },
    "40": {
      "DS": 0.5884734444444444,
      "SAM": 0.8246115555555555,
      "gap": -0.23613811111111116
    },
    "80": {
      "DS": 0.7489417777777778,
      "SAM": 0.7740582222222222,
      "gap": -0.025116444444444386
    },
    "160": {
      "DS": 0.5232508888888889,
      "SAM": 0.8054548888888889,
      "gap": -0.282204
    },
    "242": {
      "DS": 0.5339002222222222,
      "SAM": 0.8479183333333334,
      "gap": -0.3140181111111112
    }
  },
  "attribution": {
    "corr_ds_vs_perband": 0.050949990497638764,
    "ds_top5": [
      165,
      126,
      223,
      176,
      124
    ],
    "type_bands": {
      "1": [
        126,
        176,
        178
      ],
      "2": [
        120,
        126,
        165
      ],
      "4": [
        239,
        240,
        241
      ],
      "5": [
        121,
        126,
        165
      ]
    }
  }
}